Rk,School,Overall G,Overall W,Overall L,Overall W-L%,Overall SRS,Overall SOS,Conf. W,Conf. L,Home W,Home L,Home W-L%,Away W,Away L,Away W-L%,Points Tm.,Points Opp.,Column1,School Totals MP,School Totals FG,School Totals FGA,School Totals FG%,School Totals 3P,School Totals 3PA,School Totals 3P%,School Totals FT,School Totals FTA,School Totals FT%,School Totals ORB,School Totals TRB,School Totals AST,School Totals STL,School Totals BLK,School Totals TOV,School Totals PF
1,Abilene Christian,31,16,15,0.516,-8.95,-6.8,8,10,9,6,0.6,6,8,0.428571429,2286,2199,,1245,838,1787,0.469,207,625,0.331,403,576,0.7,286,1038,467,249,120,445,648
2,Air Force,31,12,19,0.387,-4.04,2,6,12,9,7,0.5625,3,10,0.230769231,2124,2244,,1245,733,1751,0.419,250,755,0.331,408,556,0.734,302,1014,445,201,78,391,557
3,Akron,32,14,18,0.438,-6.68,-1.78,6,12,12,4,0.75,2,10,0.166666667,2296,2411,,1295,793,1823,0.435,305,848,0.36,405,582,0.696,300,1066,417,189,81,440,637
4,Alabama A&M,31,3,28,0.097,-23.88,-7.94,3,15,2,9,0.181818182,1,18,0.052631579,1873,2367,,1245,673,1697,0.397,182,601,0.303,345,533,0.647,328,1046,340,123,49,514,506
5,Alabama-Birmingham,33,20,13,0.606,4.61,-0.94,10,8,14,3,0.823529412,5,6,0.454545455,2536,2303,,1330,945,1939,0.487,223,647,0.345,423,564,0.75,334,1259,559,178,126,437,490
6,Alabama State,31,8,23,0.258,-18.46,-8.52,8,10,4,8,0.333333333,4,13,0.235294118,2129,2437,,1245,751,1838,0.409,209,638,0.328,418,647,0.646,394,1131,314,169,130,437,648
7,Alabama,34,19,15,0.559,12.95,10.56,8,10,12,4,0.75,2,8,0.2,2460,2379,,1360,860,1877,0.458,217,668,0.325,523,778,0.672,341,1231,426,218,186,481,645
8,Albany (NY),32,22,10,0.688,0.15,-5.28,10,6,14,3,0.823529412,8,7,0.533333333,2375,2182,,1280,839,1836,0.457,184,502,0.367,513,680,0.754,377,1191,405,150,91,371,528
9,Alcorn State,32,11,21,0.344,-17.88,-8.41,7,11,9,5,0.642857143,2,16,0.111111111,2244,2388,,1285,791,1826,0.433,239,708,0.338,423,598,0.707,304,1104,419,200,85,459,613
10,American,30,6,24,0.2,-14.45,-5.98,3,15,4,8,0.333333333,2,16,0.111111111,1961,2215,,1205,698,1615,0.432,239,709,0.337,326,491,0.664,238,869,367,217,98,413,550
11,Appalachian State,33,15,18,0.455,-4.56,-2.4,9,9,9,4,0.692307692,4,11,0.266666667,2520,2448,,1340,864,1983,0.436,292,860,0.34,500,748,0.668,389,1291,408,198,116,457,626
12,Arizona State,31,20,11,0.645,15.01,6.81,8,10,13,4,0.764705882,4,6,0.4,2589,2335,,1250,867,1867,0.464,277,760,0.364,578,783,0.738,307,1093,439,204,111,333,585
13,Arizona,34,27,7,0.794,16.92,7.21,14,4,15,1,0.9375,8,3,0.727272727,2750,2420,,1380,980,1940,0.505,235,624,0.377,555,729,0.761,341,1246,518,168,155,417,592
14,Arkansas-Little Rock,32,7,25,0.219,-10.13,-1.9,4,14,5,10,0.333333333,2,14,0.125,2038,2242,,1300,750,1755,0.427,200,623,0.321,338,553,0.611,322,1088,391,159,93,459,612
15,Arkansas-Pine Bluff,35,14,21,0.4,-14.68,-9.19,12,6,7,3,0.7,6,13,0.315789474,2307,2499,,1410,815,1863,0.437,217,660,0.329,460,681,0.675,277,1024,427,274,144,500,681
16,Arkansas State,32,11,21,0.344,-9.35,-2.72,6,12,7,7,0.5,4,13,0.235294118,2369,2523,,1290,842,1910,0.441,236,695,0.34,449,625,0.718,354,1071,341,215,94,419,589
17,Arkansas,34,23,11,0.676,15.68,10.12,10,8,15,2,0.882352941,3,7,0.3,2757,2568,,1375,985,2063,0.477,265,663,0.4,522,770,0.678,346,1183,492,212,157,374,686
18,Army,30,13,17,0.433,-8.53,-7.09,6,12,6,5,0.545454545,4,12,0.25,2230,2223,,1205,820,1845,0.444,295,771,0.383,295,448,0.658,300,1074,500,170,83,403,593
19,Auburn,32,25,7,0.781,17.53,7.47,13,5,15,1,0.9375,7,4,0.636363636,2668,2346,,1280,868,1977,0.439,312,852,0.366,620,789,0.786,388,1222,462,238,173,393,635
20,Austin Peay,32,18,14,0.563,-3.38,-2.15,12,6,12,4,0.75,5,9,0.357142857,2351,2297,,1290,852,1876,0.454,193,553,0.349,454,694,0.654,414,1125,421,211,98,457,641
21,Ball State,32,19,13,0.594,-1.06,-1.83,10,8,14,2,0.875,5,10,0.333333333,2410,2362,,1295,856,1895,0.452,245,727,0.337,453,643,0.705,318,1210,453,170,112,423,548
22,Baylor,32,18,14,0.563,15.03,9.9,8,10,14,4,0.777777778,2,9,0.181818182,2414,2232,,1295,880,1889,0.466,204,576,0.354,448,605,0.74,378,1221,473,177,140,432,580
23,Belmont,33,24,9,0.727,5.67,-2.75,15,3,14,2,0.875,9,6,0.6,2562,2284,,1320,901,1853,0.486,378,1005,0.376,382,517,0.739,258,1133,529,161,82,410,531
24,Bethune-Cookman,32,18,14,0.563,-12.08,-12.35,12,4,10,3,0.769230769,8,10,0.444444444,2621,2543,,1290,903,2039,0.443,241,759,0.318,574,819,0.701,424,1346,501,202,123,507,670
25,Binghamton,31,11,20,0.355,-10.21,-6.28,2,14,7,7,0.5,3,12,0.2,2147,2181,,1245,787,1775,0.443,235,671,0.35,338,528,0.64,283,1066,376,170,131,381,522
26,Boise State,31,23,8,0.742,11.67,3.14,13,5,15,1,0.9375,6,5,0.545454545,2428,2133,,1260,855,1838,0.465,299,779,0.384,419,567,0.739,303,1189,415,173,68,415,552
27,Boston College,34,19,15,0.559,9.68,7.33,7,11,14,3,0.823529412,2,10,0.166666667,2611,2531,,1375,923,2039,0.453,294,812,0.362,471,637,0.739,360,1262,485,171,108,432,551
28,Boston University,31,15,16,0.484,-8.24,-5.74,10,8,6,7,0.461538462,9,9,0.5,2186,2226,,1240,800,1730,0.462,229,614,0.373,357,559,0.639,296,1044,420,229,103,427,531
29,Bowling Green State,32,16,16,0.5,-6.26,-2.76,7,11,9,6,0.6,6,9,0.4,2429,2490,,1305,827,1963,0.421,241,690,0.349,534,730,0.732,372,1226,425,189,83,408,569
30,Bradley,33,20,13,0.606,2.1,0.38,9,9,13,2,0.866666667,4,9,0.307692308,2223,2136,,1320,768,1788,0.43,217,614,0.353,470,665,0.707,359,1178,447,214,130,441,626
31,Brigham Young,34,24,10,0.706,8.5,1.71,11,7,13,3,0.8125,7,5,0.583333333,2517,2286,,1375,885,1829,0.484,219,622,0.352,528,701,0.753,232,1109,520,218,128,393,572
32,Brown,27,11,16,0.407,-7.59,-4.47,4,10,8,5,0.615384615,3,11,0.214285714,2080,2133,,1100,695,1631,0.426,186,588,0.316,504,667,0.756,310,988,338,174,81,364,565
33,Bryant,31,3,28,0.097,-18.32,-4.99,2,16,1,11,0.083333333,2,17,0.105263158,2169,2582,,1245,771,1880,0.41,259,754,0.344,368,522,0.705,312,1000,417,190,43,401,600
34,Bucknell,34,25,9,0.735,4.27,-4.02,16,2,15,1,0.9375,10,8,0.555555556,2759,2477,,1380,942,1995,0.472,269,784,0.343,606,845,0.717,317,1253,492,191,151,429,632
35,Buffalo,34,26,8,0.765,7.62,-0.56,15,3,14,1,0.933333333,8,5,0.615384615,2883,2579,,1375,1045,2205,0.474,329,887,0.371,464,666,0.697,407,1326,576,217,143,426,719
36,Butler,33,20,13,0.606,16.44,10.11,9,9,14,3,0.823529412,3,7,0.3,2611,2402,,1350,964,2041,0.472,270,759,0.356,413,536,0.771,303,1125,462,222,97,369,602
37,Cal Poly,31,9,22,0.29,-11.24,-1.51,4,12,7,6,0.538461538,1,13,0.071428571,2082,2302,,1270,721,1817,0.397,267,747,0.357,373,478,0.78,291,1034,372,154,122,366,564
38,Cal State Bakersfield,30,12,18,0.4,-6.18,-0.33,5,9,8,4,0.666666667,3,12,0.2,1981,2068,,1200,697,1670,0.417,185,613,0.302,402,579,0.694,341,1067,387,182,87,416,597
39,Cal State Fullerton,31,20,11,0.645,-0.53,-1.53,10,6,9,4,0.692307692,7,7,0.5,2270,2171,,1250,786,1671,0.47,163,482,0.338,535,729,0.734,274,1089,396,198,101,438,553
40,Cal State Northridge,30,6,24,0.2,-13.18,-3.21,3,13,4,9,0.307692308,2,13,0.133333333,1983,2206,,1215,731,1688,0.433,186,515,0.361,335,473,0.708,247,940,364,149,74,365,533
41,UC-Davis,32,22,10,0.688,1.2,-2,12,4,10,2,0.833333333,9,6,0.6,2329,2172,,1320,812,1737,0.467,208,555,0.375,497,694,0.716,257,1035,393,227,75,414,621
42,UC-Irvine,35,18,17,0.514,0.14,0.02,11,5,7,5,0.583333333,7,10,0.411764706,2440,2350,,1410,900,2061,0.437,220,657,0.335,420,593,0.708,420,1443,430,178,140,487,719
43,UC-Riverside,31,9,22,0.29,-8.16,-1.2,4,12,6,8,0.428571429,3,13,0.1875,2024,2163,,1245,716,1780,0.402,185,597,0.31,407,579,0.703,312,1089,387,190,95,428,617
44,UC-Santa Barbara,32,23,9,0.719,2.47,-2.99,11,5,12,2,0.857142857,9,6,0.6,2425,2211,,1285,877,1891,0.464,257,674,0.381,414,594,0.697,326,1176,481,154,118,337,536
45,University of California,32,8,24,0.25,-2.89,6.56,2,16,5,12,0.294117647,3,8,0.272727273,2166,2483,,1285,767,1887,0.406,148,518,0.286,484,717,0.675,426,1139,313,220,154,470,648
46,Campbell,31,16,15,0.516,-6.23,-7.01,10,8,12,4,0.75,4,10,0.285714286,2351,2191,,1250,813,1708,0.476,283,735,0.385,442,594,0.744,217,1004,445,205,123,376,533
47,Canisius,32,21,11,0.656,0.78,-4.69,15,3,11,2,0.846153846,8,8,0.5,2441,2266,,1280,878,1880,0.467,297,845,0.351,388,545,0.712,327,1073,542,218,93,420,602
48,Central Arkansas,33,17,16,0.515,-5.19,-5.94,10,8,9,4,0.692307692,7,11,0.388888889,2668,2596,,1340,921,2025,0.455,273,753,0.363,553,751,0.736,333,1193,532,220,166,453,658
49,Central Connecticut State,32,14,18,0.438,-11.22,-7.19,7,11,8,4,0.666666667,6,14,0.3,2171,2300,,1305,788,1740,0.453,198,601,0.329,397,568,0.699,321,1130,396,161,107,473,549
50,Central Florida,32,19,13,0.594,5.17,4.17,9,9,12,4,0.75,5,6,0.454545455,2007,1975,,1285,690,1627,0.424,177,538,0.329,450,702,0.641,305,1108,339,169,111,431,488
51,Central Michigan,33,19,14,0.576,-1.11,-3.28,7,11,12,5,0.705882353,4,8,0.333333333,2572,2394,,1345,861,1996,0.431,312,929,0.336,538,668,0.805,373,1206,436,214,116,387,536
52,Charleston Southern,31,15,16,0.484,-8.22,-6.22,9,9,9,6,0.6,6,10,0.375,2232,2133,,1260,802,1793,0.447,208,631,0.33,420,581,0.723,345,1071,368,224,106,408,517
53,Charlotte,29,6,23,0.207,-10.44,-0.05,2,16,4,11,0.266666667,2,12,0.142857143,2066,2317,,1165,706,1634,0.432,198,563,0.352,456,637,0.716,269,990,319,165,65,428,524
54,Chattanooga,33,10,23,0.303,-10.9,-3.87,3,15,8,8,0.5,1,14,0.066666667,2289,2424,,1345,784,1804,0.435,276,777,0.355,445,626,0.711,306,1069,421,166,67,461,507
55,Chicago State,32,3,29,0.094,-21.28,1.42,1,13,3,8,0.272727273,0,19,0,2171,2756,,1280,774,1896,0.408,169,549,0.308,454,627,0.724,323,1041,367,232,81,483,697
56,Cincinnati,34,30,4,0.882,20.86,3.54,16,2,15,1,0.9375,9,2,0.818181818,2532,1943,,1360,893,1972,0.453,248,695,0.357,498,725,0.687,444,1323,543,248,188,389,535
57,Citadel,32,11,21,0.344,-13.5,-2.81,5,13,7,8,0.466666667,3,12,0.2,2639,2819,,1290,889,2148,0.414,386,1133,0.341,475,673,0.706,374,1183,528,301,99,477,586
58,Clemson,32,23,9,0.719,16.51,9.04,11,7,15,1,0.9375,4,6,0.4,2345,2106,,1290,809,1786,0.453,266,726,0.366,461,609,0.757,286,1136,422,182,155,387,512
59,Cleveland State,35,12,23,0.343,-10.77,-3.59,6,12,7,7,0.5,2,15,0.117647059,2402,2613,,1410,853,1963,0.435,294,863,0.341,402,572,0.703,270,1063,456,231,90,458,595
60,Coastal Carolina,32,14,18,0.438,-3.64,-2.12,8,10,7,9,0.4375,5,7,0.416666667,2298,2241,,1290,787,1813,0.434,218,660,0.33,506,702,0.721,388,1243,418,171,116,479,608
61,Colgate,32,19,13,0.594,-4.87,-5.9,12,6,13,3,0.8125,6,10,0.375,2326,2243,,1280,809,1833,0.441,299,827,0.362,409,532,0.769,287,1048,414,196,106,352,518
62,College of Charleston,33,26,7,0.788,1.62,-3.8,14,4,14,0,1,7,6,0.538461538,2478,2269,,1345,852,1854,0.46,254,699,0.363,520,685,0.759,280,1089,377,171,119,318,540
63,Colorado State,32,11,21,0.344,-3.58,4.07,4,14,8,8,0.5,3,10,0.230769231,2314,2537,,1295,811,1941,0.418,225,684,0.329,467,651,0.717,375,1200,409,190,102,426,624
64,Colorado,32,17,15,0.531,6.54,7.47,8,10,12,3,0.8,1,10,0.090909091,2307,2337,,1295,810,1840,0.44,241,673,0.358,446,612,0.729,324,1198,409,140,122,451,619
65,Columbia,27,8,19,0.296,-5.55,-2.93,5,9,7,5,0.583333333,1,14,0.066666667,2062,2085,,1090,746,1686,0.442,269,733,0.367,301,407,0.74,277,962,384,177,93,338,504
66,Connecticut,32,14,18,0.438,1.48,6.45,7,11,11,5,0.6875,2,9,0.181818182,2181,2340,,1300,762,1832,0.416,215,659,0.326,442,593,0.745,324,1096,334,190,119,403,592
67,Coppin State,32,5,27,0.156,-20.76,-7.04,5,11,4,6,0.4,1,20,0.047619048,1945,2384,,1305,657,1825,0.36,265,870,0.305,366,495,0.739,273,1082,338,172,82,462,649
68,Cornell,28,12,16,0.429,-8.65,-3.1,6,8,8,4,0.666666667,4,11,0.266666667,2124,2250,,1150,744,1613,0.461,217,639,0.34,419,574,0.73,232,961,449,144,97,376,498
69,Creighton,32,21,11,0.656,16.89,8.05,10,8,16,2,0.888888889,4,7,0.363636364,2697,2375,,1290,985,1982,0.497,334,889,0.376,393,526,0.747,232,1161,576,181,85,358,480
70,Dartmouth,27,7,20,0.259,-10.14,-3.84,3,11,6,6,0.5,1,14,0.066666667,1841,1970,,1085,651,1454,0.448,200,557,0.359,339,475,0.714,208,849,357,152,87,365,421
71,Davidson,32,21,11,0.656,11.24,2.37,13,5,11,1,0.916666667,6,8,0.428571429,2446,2162,,1295,875,1813,0.483,342,874,0.391,354,444,0.797,218,1050,539,153,63,306,481
72,Dayton,31,14,17,0.452,1.85,2.91,8,10,12,4,0.75,1,10,0.090909091,2244,2277,,1260,804,1671,0.481,248,736,0.337,388,531,0.731,240,965,488,162,78,425,510
73,Delaware State,32,4,28,0.125,-24.43,-9.16,2,14,4,9,0.307692308,0,18,0,2034,2458,,1300,742,1781,0.417,192,591,0.325,358,516,0.694,337,1066,348,189,83,489,560
74,Delaware,33,14,19,0.424,-6.86,-2.89,6,12,7,8,0.466666667,4,10,0.285714286,2338,2428,,1330,859,1880,0.457,192,584,0.329,428,657,0.651,314,1150,386,164,75,354,554
75,Denver,30,15,15,0.5,-4.85,-2.17,8,6,10,4,0.714285714,3,9,0.25,2192,2189,,1220,803,1700,0.472,211,527,0.4,375,540,0.694,311,1108,452,129,72,451,561
76,DePaul,31,11,20,0.355,6.64,8.55,4,14,6,10,0.375,4,7,0.363636364,2230,2289,,1245,819,1912,0.428,194,626,0.31,398,562,0.708,383,1160,465,200,94,430,553
77,Detroit Mercy,32,8,24,0.25,-12.45,-2.05,4,14,5,11,0.3125,2,11,0.153846154,2516,2743,,1285,883,2031,0.435,281,815,0.345,469,621,0.755,334,1114,437,212,88,435,648
78,Drake,32,16,16,0.5,-0.22,0.88,10,8,10,3,0.769230769,4,10,0.285714286,2354,2341,,1305,812,1848,0.439,278,752,0.37,452,586,0.771,259,1075,481,188,79,383,497
79,Drexel,33,13,20,0.394,-7.09,-2.37,6,12,9,5,0.642857143,2,11,0.153846154,2454,2591,,1340,880,1994,0.441,227,699,0.325,467,646,0.723,369,1197,380,176,138,409,583
80,Duke,33,26,7,0.788,25,9.91,13,5,15,1,0.9375,6,5,0.545454545,2795,2297,,1325,1008,2044,0.493,274,725,0.378,505,713,0.708,447,1379,578,248,177,416,515
81,Duquesne,32,16,16,0.5,-0.85,-3.1,7,11,13,6,0.684210526,2,7,0.222222222,2317,2245,,1310,801,1874,0.427,261,745,0.35,454,663,0.685,387,1149,382,186,140,383,598
82,East Carolina,30,10,20,0.333,-8.45,0.05,4,14,8,11,0.421052632,2,8,0.2,1993,2248,,1215,741,1723,0.43,182,597,0.305,329,494,0.666,292,1015,388,148,93,431,530
83,East Tennessee State,34,25,9,0.735,3.95,-3.86,14,4,12,4,0.75,11,4,0.733333333,2556,2241,,1360,926,1957,0.473,244,711,0.343,460,648,0.71,352,1265,500,265,146,454,613
84,Eastern Illinois,31,12,19,0.387,-8.17,-3.24,7,11,7,6,0.538461538,4,12,0.25,2065,2120,,1245,732,1726,0.424,224,627,0.357,377,551,0.684,331,1064,392,182,138,417,509
85,Eastern Kentucky,31,11,20,0.355,-10.46,-3.57,5,13,6,7,0.461538462,5,12,0.294117647,2230,2371,,1245,778,1779,0.437,226,638,0.354,448,600,0.747,290,1023,405,193,113,401,542
86,Eastern Michigan,33,21,12,0.636,-0.14,-2.52,11,7,13,3,0.8125,7,8,0.466666667,2364,2205,,1335,874,1872,0.467,213,637,0.334,403,581,0.694,331,1143,420,290,207,422,532
87,Eastern Washington,34,20,14,0.588,0.77,-1.48,13,5,11,1,0.916666667,6,11,0.352941176,2554,2433,,1370,911,1947,0.468,305,801,0.381,427,558,0.765,249,1136,431,176,103,391,647
88,Elon,32,14,18,0.438,-6.84,-1.64,6,12,8,5,0.615384615,4,12,0.25,2346,2437,,1320,842,1916,0.439,337,966,0.349,325,457,0.711,256,1140,507,140,66,373,494
89,Evansville,32,17,15,0.531,0.72,1.39,7,11,15,3,0.833333333,2,10,0.166666667,2094,2045,,1285,730,1652,0.442,184,449,0.41,450,581,0.775,240,1057,409,190,92,431,568
90,Fairfield,33,17,16,0.515,-4.68,-3.38,9,9,10,3,0.769230769,3,10,0.230769231,2506,2549,,1345,881,2009,0.439,303,893,0.339,441,621,0.71,301,1159,487,211,95,421,663
91,Fairleigh Dickinson,31,13,18,0.419,-10.02,-5.26,9,9,8,5,0.615384615,5,13,0.277777778,2313,2350,,1240,842,1868,0.451,213,623,0.342,416,573,0.726,339,1067,416,220,100,426,561
92,Florida A&M,34,9,25,0.265,-18.96,-8.08,7,9,6,4,0.6,2,20,0.090909091,2343,2684,,1385,831,1981,0.419,217,616,0.352,464,641,0.724,344,1094,370,194,104,471,612
93,Florida Atlantic,31,12,19,0.387,-5.73,-0.52,6,12,7,7,0.5,4,10,0.285714286,2155,2172,,1245,790,1928,0.41,179,550,0.325,396,537,0.737,357,1194,376,182,124,393,556
94,Florida Gulf Coast,34,23,11,0.676,2.11,-5.89,12,2,14,6,0.7,9,5,0.642857143,2779,2435,,1360,1022,2057,0.497,244,672,0.363,491,662,0.742,361,1301,524,248,95,476,622
95,Florida International,32,14,18,0.438,-4.66,-2.35,8,10,11,7,0.611111111,3,9,0.25,2262,2278,,1310,815,1913,0.426,203,632,0.321,429,704,0.609,321,1151,387,242,102,354,585
96,Florida State,31,20,11,0.645,14.97,7.68,9,9,13,2,0.866666667,4,7,0.363636364,2535,2309,,1260,906,1912,0.474,248,706,0.351,473,691,0.685,363,1179,473,208,160,403,566
97,Florida,32,20,12,0.625,16.81,10.19,11,7,12,5,0.705882353,5,4,0.555555556,2434,2222,,1295,841,1937,0.434,292,778,0.375,460,640,0.719,345,1124,415,219,151,315,552
98,Fordham,31,9,22,0.29,-6.54,1.46,4,14,8,9,0.470588235,1,10,0.090909091,1931,2179,,1250,692,1680,0.412,227,787,0.288,320,452,0.708,198,884,419,283,74,386,491
99,Fresno State,32,21,11,0.656,8.46,2.13,11,7,12,5,0.705882353,8,5,0.615384615,2459,2201,,1295,885,1805,0.49,216,548,0.394,473,682,0.694,293,1082,415,217,104,384,626
100,Furman,33,23,10,0.697,4.63,-3.44,13,5,13,3,0.8125,7,6,0.538461538,2619,2260,,1325,942,2006,0.47,338,950,0.356,397,557,0.713,316,1157,526,265,72,382,531
101,Gardner-Webb,32,14,18,0.438,-9.64,-3.74,9,9,11,2,0.846153846,3,13,0.1875,2258,2307,,1300,822,1850,0.444,236,676,0.349,378,526,0.719,297,1141,415,195,92,437,568
102,George Mason,33,16,17,0.485,-2.77,1.05,9,9,10,7,0.588235294,5,7,0.416666667,2371,2497,,1345,841,1949,0.432,230,705,0.326,459,619,0.742,329,1213,377,200,96,425,541
103,George Washington,33,15,18,0.455,-0.54,2.31,7,11,13,5,0.722222222,1,10,0.090909091,2225,2319,,1320,832,1861,0.447,180,561,0.321,381,537,0.709,350,1120,440,189,163,419,486
104,Georgetown,30,15,15,0.5,7.11,5.25,5,13,11,8,0.578947368,4,6,0.4,2350,2294,,1235,800,1763,0.454,226,618,0.366,524,676,0.775,325,1151,522,164,110,458,531
105,Georgia Southern,33,21,12,0.636,-0.27,-3.01,11,7,10,3,0.769230769,8,7,0.533333333,2504,2315,,1325,857,1992,0.43,267,784,0.341,523,787,0.665,402,1247,333,227,120,372,633
106,Georgia State,34,24,10,0.706,3.42,-3.24,12,6,11,3,0.785714286,9,6,0.6,2561,2288,,1375,916,1980,0.463,315,812,0.388,414,612,0.676,298,1156,452,250,155,386,624
107,Georgia Tech,32,13,19,0.406,5.54,7.75,6,12,12,7,0.631578947,1,10,0.090909091,2101,2172,,1285,753,1770,0.425,156,490,0.318,439,616,0.713,334,1084,409,221,171,411,533
108,Georgia,33,18,15,0.545,10.69,9.32,7,11,11,4,0.733333333,4,9,0.307692308,2247,2202,,1340,767,1826,0.42,201,632,0.318,512,732,0.699,406,1301,402,126,156,420,533
109,Gonzaga,34,30,4,0.882,19.43,2.05,17,1,15,1,0.9375,10,1,0.909090909,2873,2282,,1380,1049,2085,0.503,309,826,0.374,466,645,0.722,376,1357,535,219,126,384,579
110,Grambling,31,17,14,0.548,-12.84,-10.17,13,5,6,4,0.6,11,10,0.523809524,2257,2321,,1250,777,1852,0.42,154,470,0.328,547,769,0.711,377,1193,342,239,113,477,674
111,Grand Canyon,33,22,11,0.667,4.39,-4.61,9,5,16,2,0.888888889,3,7,0.3,2439,2135,,1330,827,1931,0.428,244,753,0.324,541,770,0.703,393,1273,522,205,129,442,668
112,Green Bay,33,13,20,0.394,-8.54,-4.11,7,11,10,6,0.625,2,13,0.133333333,2517,2499,,1330,859,2027,0.424,295,813,0.363,504,670,0.752,334,1241,459,226,100,453,635
113,Hampton,34,19,15,0.559,-8.57,-9.99,12,4,11,3,0.785714286,5,10,0.333333333,2697,2557,,1370,964,2130,0.453,194,609,0.319,575,744,0.773,375,1357,515,186,124,440,676
114,Hartford,32,19,13,0.594,-5.18,-5.4,11,5,9,7,0.5625,9,5,0.642857143,2254,2230,,1285,809,1784,0.453,261,763,0.342,375,555,0.676,267,1076,416,192,123,390,583
115,Harvard,31,18,13,0.581,-0.29,-1.99,12,2,10,2,0.833333333,6,10,0.375,2122,2062,,1265,742,1722,0.431,250,709,0.353,388,495,0.784,271,1080,395,162,117,423,555
116,Hawaii,30,17,13,0.567,-2.05,-2.23,8,8,13,7,0.65,4,5,0.444444444,2104,2071,,1215,721,1629,0.443,202,613,0.33,460,670,0.687,267,995,428,169,59,402,584
117,High Point,30,14,16,0.467,-6.79,-6.42,9,9,11,4,0.733333333,3,11,0.214285714,2126,1993,,1205,775,1690,0.459,163,456,0.357,413,588,0.702,322,1039,353,222,82,375,545
118,Hofstra,31,19,12,0.613,-0.46,-1.52,12,6,9,4,0.692307692,9,4,0.692307692,2464,2397,,1245,868,1868,0.465,260,693,0.375,468,686,0.682,339,1103,413,156,83,334,576
119,Holy Cross,31,12,19,0.387,-9.8,-5.7,8,10,6,7,0.461538462,6,10,0.375,1972,2099,,1250,724,1568,0.462,203,623,0.326,321,465,0.69,178,880,418,194,105,381,537
120,Houston Baptist,31,6,25,0.194,-15.85,-3.67,2,16,5,8,0.384615385,1,16,0.058823529,2382,2617,,1250,860,2058,0.418,219,677,0.323,443,710,0.624,471,1219,426,206,89,438,605
121,Houston,33,26,7,0.788,16.38,3.87,14,4,15,0,1,6,5,0.545454545,2555,2142,,1320,910,1953,0.466,285,737,0.387,450,628,0.717,391,1271,492,212,103,401,693
122,Howard,33,10,23,0.303,-17.02,-9.5,7,9,7,4,0.636363636,2,18,0.1,2449,2654,,1345,847,1997,0.424,268,772,0.347,487,688,0.708,369,1154,406,178,93,442,676
123,Idaho State,30,14,16,0.467,-5.5,-3.42,9,9,9,5,0.642857143,5,10,0.333333333,2211,2232,,1200,778,1639,0.475,252,637,0.396,403,594,0.678,202,962,354,169,72,408,525
124,Idaho,31,22,9,0.71,1.09,-3.67,14,4,11,2,0.846153846,9,4,0.692307692,2330,2134,,1245,819,1748,0.469,277,678,0.409,415,565,0.735,307,1138,459,134,80,411,553
125,Illinois-Chicago,32,17,15,0.531,-4.19,-4.45,12,6,10,7,0.588235294,7,7,0.5,2403,2328,,1285,843,1874,0.45,211,613,0.344,506,695,0.728,335,1230,407,218,224,484,609
126,Illinois State,33,18,15,0.545,1.06,3.65,10,8,11,3,0.785714286,3,10,0.230769231,2364,2418,,1350,813,1917,0.424,301,884,0.34,437,640,0.683,315,1171,468,216,131,438,677
127,Illinois,32,14,18,0.438,8.78,7.82,4,14,12,6,0.666666667,1,10,0.090909091,2426,2362,,1295,856,1949,0.439,236,705,0.335,478,653,0.732,398,1053,442,240,69,425,720
128,Incarnate Word,28,7,21,0.25,-17.42,-4.75,2,16,6,9,0.4,1,12,0.076923077,1978,2163,,1120,671,1566,0.428,166,493,0.337,470,631,0.745,279,976,311,170,143,442,521
129,Indiana State,31,13,18,0.419,1.44,2.34,8,10,8,7,0.533333333,5,7,0.416666667,2248,2253,,1275,762,1803,0.423,270,748,0.361,454,644,0.705,321,1124,360,233,105,445,614
130,Indiana,31,16,15,0.516,10.2,8.56,9,9,12,6,0.666666667,3,8,0.272727273,2229,2178,,1255,806,1767,0.456,194,602,0.322,423,644,0.657,345,1099,435,198,134,386,561
131,Iona,33,20,13,0.606,0.96,-2.74,11,7,8,3,0.727272727,7,8,0.466666667,2635,2513,,1345,931,2016,0.462,319,822,0.388,452,612,0.739,282,1117,526,224,101,385,571
132,Iowa State,31,13,18,0.419,7.28,9.89,4,14,9,7,0.5625,0,10,0,2258,2339,,1250,817,1870,0.437,234,653,0.358,390,557,0.7,338,1134,423,149,129,369,508
133,Iowa,33,14,19,0.424,8.35,7.35,4,14,9,6,0.6,1,10,0.090909091,2630,2597,,1330,946,1975,0.479,252,672,0.375,486,699,0.695,391,1258,602,172,133,441,548
134,IPFW,32,18,14,0.563,-1.06,-3.06,7,7,13,2,0.866666667,4,10,0.285714286,2627,2441,,1285,920,2014,0.457,328,894,0.367,459,638,0.719,311,1128,471,261,104,384,524
135,IUPUI,30,11,19,0.367,-9.8,-3.51,8,10,9,4,0.692307692,2,14,0.125,2047,2180,,1205,731,1723,0.424,213,600,0.355,372,559,0.665,347,1022,385,205,103,427,562
136,Jackson State,32,12,20,0.375,-17.52,-10.36,9,9,9,2,0.818181818,2,17,0.105263158,1991,2161,,1295,714,1922,0.371,238,724,0.329,325,497,0.654,401,1087,351,235,89,368,651
137,Jacksonville State,33,21,12,0.636,-0.06,-5.03,11,7,12,4,0.75,7,7,0.5,2359,2142,,1325,879,1910,0.46,191,584,0.327,410,591,0.694,374,1257,510,198,167,424,575
138,Jacksonville,33,15,18,0.455,-13.25,-5.98,8,6,10,6,0.625,3,12,0.2,2405,2482,,1345,897,1993,0.45,202,601,0.336,409,621,0.659,330,1180,415,226,112,472,536
139,James Madison,32,10,22,0.313,-5.45,-2.13,6,12,7,7,0.5,3,11,0.214285714,2341,2414,,1310,812,1932,0.42,231,695,0.332,486,667,0.729,361,1147,388,228,104,383,670
140,Kansas State,33,22,11,0.667,13.44,8.95,10,8,14,3,0.823529412,6,5,0.545454545,2388,2240,,1325,854,1809,0.472,229,665,0.344,451,608,0.742,269,1010,473,256,99,379,607
141,Kansas,34,27,7,0.794,22.01,11.45,13,5,14,3,0.823529412,8,3,0.727272727,2771,2412,,1360,1024,2058,0.498,345,857,0.403,378,539,0.701,325,1197,578,225,142,397,519
142,Kennesaw State,30,10,20,0.333,-11.02,-4.17,6,8,8,6,0.571428571,2,14,0.125,2182,2328,,1205,805,1768,0.455,160,438,0.365,412,597,0.69,306,986,442,214,94,407,539
143,Kent State,34,17,17,0.5,-3.6,-1.63,9,9,13,3,0.8125,2,11,0.153846154,2482,2502,,1370,871,2046,0.426,255,782,0.326,485,666,0.728,390,1221,393,201,122,442,638
144,Kentucky,34,24,10,0.706,17.6,11.16,10,8,16,2,0.888888889,4,6,0.4,2609,2390,,1365,920,1958,0.47,185,513,0.361,584,838,0.697,411,1315,455,191,166,442,642
145,La Salle,32,13,19,0.406,1.88,2.73,7,11,10,4,0.714285714,2,10,0.166666667,2333,2360,,1315,817,1906,0.429,234,711,0.329,465,591,0.787,292,1124,410,189,90,374,546
146,Lafayette,31,10,21,0.323,-9.69,-5.96,7,11,8,6,0.571428571,2,14,0.125,2207,2307,,1245,777,1709,0.455,263,708,0.371,390,507,0.769,210,1026,386,131,103,411,515
147,Lamar,32,19,13,0.594,-4.82,-7.18,11,7,11,4,0.733333333,8,6,0.571428571,2431,2220,,1300,847,1959,0.432,249,725,0.343,488,739,0.66,414,1204,442,280,75,420,628
148,Lehigh,30,16,14,0.533,-6.18,-5.42,11,7,9,6,0.6,7,8,0.466666667,2336,2333,,1230,835,1845,0.453,293,721,0.406,373,480,0.777,269,1074,428,184,53,380,553
149,Liberty,34,20,14,0.588,-2.73,-6.31,9,9,11,6,0.647058824,7,6,0.538461538,2421,2163,,1390,826,1780,0.464,275,735,0.374,494,624,0.792,249,1138,476,204,84,411,574
150,Lipscomb,32,23,9,0.719,-2.03,-4.41,10,4,13,2,0.866666667,10,7,0.588235294,2642,2480,,1300,901,1976,0.456,260,785,0.331,580,811,0.715,340,1247,503,207,100,480,638
151,Long Beach State,33,15,18,0.455,-3.33,1.31,9,7,8,5,0.615384615,6,10,0.375,2485,2586,,1330,866,1917,0.452,196,558,0.351,557,765,0.728,382,1195,419,218,119,501,592
152,Long Island University,34,18,16,0.529,-8.07,-7.95,10,8,12,4,0.75,5,11,0.3125,2635,2603,,1365,916,2005,0.457,272,789,0.345,531,763,0.696,363,1295,429,191,111,481,668
153,Longwood,33,7,26,0.212,-18.29,-4.29,3,15,5,11,0.3125,2,13,0.133333333,2088,2445,,1320,728,1764,0.413,226,691,0.327,406,591,0.687,263,1070,327,218,102,516,575
154,Louisiana,33,27,6,0.818,7.99,-2.72,16,2,14,1,0.933333333,10,3,0.769230769,2753,2324,,1325,944,2019,0.468,290,790,0.367,575,756,0.761,414,1285,582,250,143,439,621
155,Louisiana-Monroe,31,16,15,0.516,-5.57,-3,9,9,12,4,0.75,3,10,0.230769231,2169,2107,,1250,786,1809,0.434,282,776,0.363,315,439,0.718,289,1047,436,200,40,363,514
156,Louisiana State,31,17,14,0.548,11.9,8.29,8,10,13,4,0.764705882,3,7,0.3,2404,2292,,1245,861,1812,0.475,256,726,0.353,426,582,0.732,303,1040,442,238,100,357,551
157,Louisiana Tech,33,17,16,0.515,1.03,-0.42,7,11,11,5,0.6875,2,10,0.166666667,2468,2331,,1325,838,1877,0.446,287,765,0.375,505,697,0.725,314,1137,470,196,131,405,569
158,Louisville,33,20,13,0.606,15.13,9.47,9,9,14,5,0.736842105,4,7,0.363636364,2515,2328,,1340,897,1967,0.456,256,690,0.371,465,631,0.737,333,1215,451,231,201,392,543
159,Loyola (IL),33,28,5,0.848,9.37,-0.28,15,3,14,1,0.933333333,9,4,0.692307692,2390,2054,,1320,869,1714,0.507,246,618,0.398,406,561,0.724,209,1067,519,219,82,404,456
160,Loyola Marymount,31,11,20,0.355,-3.92,1.55,5,13,7,7,0.5,3,12,0.2,2226,2369,,1250,803,1815,0.442,199,573,0.347,421,593,0.71,377,1016,441,216,72,407,607
161,Loyola (MD),31,9,22,0.29,-12.64,-5.18,6,12,8,6,0.571428571,1,16,0.058823529,2154,2326,,1255,797,1820,0.438,163,509,0.32,397,608,0.653,332,1076,360,218,97,414,614
162,Maine,32,6,26,0.188,-14.51,-3.14,3,13,4,8,0.333333333,2,16,0.111111111,2140,2408,,1295,765,1871,0.409,225,743,0.303,385,560,0.688,304,1129,375,205,93,496,624
163,Manhattan,31,14,17,0.452,-4.8,-3.89,9,9,8,3,0.727272727,5,8,0.384615385,2147,2175,,1260,737,1661,0.444,239,598,0.4,434,625,0.694,319,1030,433,186,121,482,616
164,Marist,31,6,25,0.194,-12.19,-3.29,4,14,4,9,0.307692308,2,10,0.166666667,2239,2515,,1260,761,1710,0.445,280,802,0.349,437,612,0.714,233,1041,369,130,77,488,547
165,Marquette,32,19,13,0.594,12.64,9.92,9,9,11,6,0.647058824,5,5,0.5,2598,2511,,1295,906,1913,0.474,354,853,0.415,432,543,0.796,287,1029,504,197,116,386,610
166,Marshall,34,24,10,0.706,3.61,-0.91,12,6,15,2,0.882352941,6,8,0.428571429,2865,2680,,1375,992,2115,0.469,341,964,0.354,540,704,0.767,274,1232,585,233,198,449,586
167,Maryland-Baltimore County,34,24,10,0.706,-3.47,-4.99,12,4,15,2,0.882352941,9,7,0.5625,2513,2362,,1360,886,1993,0.445,346,894,0.387,395,609,0.649,338,1184,525,256,85,411,562
168,Maryland-Eastern Shore,32,7,25,0.219,-24.39,-7.32,3,13,6,5,0.545454545,0,18,0,1992,2473,,1280,710,1844,0.385,206,725,0.284,366,542,0.675,347,1065,347,151,57,417,548
169,Maryland,32,19,13,0.594,13.91,8.07,8,10,15,3,0.833333333,2,8,0.2,2338,2140,,1285,811,1696,0.478,229,617,0.371,487,645,0.755,305,1149,452,138,137,438,511
170,Massachusetts-Lowell,30,12,18,0.4,-9.46,-5.7,6,10,9,7,0.5625,3,11,0.214285714,2286,2356,,1205,791,1719,0.46,215,621,0.346,489,690,0.709,282,970,435,209,86,405,538
171,Massachusetts,33,13,20,0.394,-1.43,1.33,5,13,11,6,0.647058824,1,11,0.083333333,2374,2465,,1350,861,1918,0.449,293,732,0.4,359,481,0.746,300,1081,505,159,98,422,595
172,McNeese State,29,12,17,0.414,-11.84,-5.88,8,10,7,5,0.583333333,5,12,0.294117647,2184,2209,,1170,780,1787,0.436,205,597,0.343,419,590,0.71,339,1144,327,156,133,416,505
173,Memphis,34,21,13,0.618,2.19,2.54,10,8,14,5,0.736842105,5,5,0.5,2408,2420,,1380,828,1832,0.452,201,634,0.317,551,798,0.69,391,1165,442,202,128,467,583
174,Mercer,32,18,14,0.563,-0.06,-3.66,11,7,11,3,0.785714286,6,8,0.428571429,2416,2204,,1300,827,1736,0.476,273,705,0.387,489,647,0.756,308,1107,470,176,53,397,539
175,Miami (FL),31,22,9,0.71,13.27,7.14,11,7,11,3,0.785714286,8,4,0.666666667,2299,2109,,1250,850,1832,0.464,243,669,0.363,354,534,0.663,309,1080,413,203,123,351,505
176,Miami (OH),33,16,17,0.485,-3.01,-0.85,8,10,9,5,0.642857143,6,10,0.375,2362,2307,,1350,853,1947,0.438,288,852,0.338,368,539,0.683,330,1209,440,252,86,442,555
177,Michigan State,33,29,4,0.879,23.46,7.28,16,2,16,1,0.941176471,8,1,0.888888889,2672,2138,,1325,943,1872,0.504,277,671,0.413,509,678,0.751,365,1348,638,135,243,435,596
178,Michigan,35,28,7,0.8,18.9,8.78,13,5,15,1,0.9375,6,5,0.545454545,2606,2224,,1415,943,2003,0.471,320,868,0.369,400,607,0.659,300,1167,518,219,111,320,545
179,Middle Tennessee,31,24,7,0.774,9.79,2.19,16,2,11,2,0.846153846,12,1,0.923076923,2320,2040,,1250,838,1803,0.465,226,612,0.369,418,563,0.742,333,1121,437,194,69,385,613
180,Milwaukee,33,16,17,0.485,-4.25,-4.35,8,10,9,7,0.5625,6,9,0.4,2259,2260,,1330,834,1872,0.446,235,704,0.334,356,528,0.674,289,1146,429,196,125,412,545
181,Minnesota,32,15,17,0.469,7.3,7.21,4,14,11,6,0.647058824,2,9,0.181818182,2405,2402,,1295,850,1971,0.431,218,630,0.346,487,692,0.704,371,1221,467,181,163,352,492
182,Mississippi State,33,22,11,0.667,11.36,6.36,9,9,18,2,0.9,2,8,0.2,2433,2240,,1330,896,1924,0.466,226,726,0.311,415,604,0.687,349,1191,430,222,178,436,557
183,Mississippi Valley State,32,4,28,0.125,-21.29,-8.01,4,14,3,6,0.333333333,1,21,0.045454545,2075,2500,,1300,757,1977,0.383,171,568,0.301,388,575,0.675,393,1136,327,186,55,421,658
184,Mississippi,32,12,20,0.375,7.21,9.53,5,13,10,8,0.555555556,1,10,0.090909091,2426,2500,,1300,841,1999,0.421,251,788,0.319,493,675,0.73,393,1214,468,200,131,365,609
185,Missouri-Kansas City,32,10,22,0.313,-9.85,-0.68,5,9,6,8,0.428571429,3,11,0.214285714,2251,2447,,1285,756,1859,0.407,284,845,0.336,455,640,0.711,259,1018,354,202,81,411,681
186,Missouri State,33,18,15,0.545,3.08,0.46,7,11,10,5,0.666666667,4,8,0.333333333,2313,2197,,1325,851,1952,0.436,234,707,0.331,377,527,0.715,389,1276,425,153,134,382,575
187,Missouri,32,20,12,0.625,14.55,9.35,10,8,13,3,0.8125,5,6,0.454545455,2345,2179,,1290,778,1716,0.453,298,775,0.385,491,667,0.736,327,1189,435,165,136,453,573
188,Monmouth,31,11,20,0.355,-2.12,-0.96,7,11,6,6,0.5,4,12,0.25,2336,2372,,1280,787,1718,0.458,223,574,0.389,539,758,0.711,276,1115,399,197,73,473,675
189,Montana State,32,13,19,0.406,-8.46,-3.29,6,12,8,6,0.571428571,3,12,0.2,2434,2524,,1295,817,1929,0.424,257,731,0.352,543,746,0.728,357,1167,401,176,66,399,645
190,Montana,33,26,7,0.788,6.56,-2.7,16,2,14,0,1,8,6,0.571428571,2578,2268,,1340,926,1965,0.471,183,534,0.343,543,769,0.706,392,1225,421,256,112,410,695
191,Morehead State,29,8,21,0.276,-10.49,-1.75,4,14,7,6,0.538461538,1,15,0.0625,2043,2204,,1165,712,1655,0.43,204,631,0.323,415,592,0.701,338,1041,344,165,86,456,598
192,Morgan State,32,13,19,0.406,-15.4,-11.7,7,9,8,2,0.8,3,15,0.166666667,2311,2395,,1300,799,1921,0.416,163,492,0.331,550,761,0.723,424,1207,395,226,89,444,649
193,Mount St. Mary's,32,18,14,0.563,-7.74,-7.64,12,6,12,3,0.8,6,11,0.352941176,2331,2301,,1295,809,1778,0.455,323,853,0.379,390,532,0.733,212,918,447,221,125,351,492
194,Murray State,31,26,5,0.839,7.19,-4.16,16,2,14,2,0.875,10,3,0.769230769,2447,2032,,1240,849,1752,0.485,264,696,0.379,485,664,0.73,327,1150,459,211,98,368,537
195,Navy,32,20,12,0.625,-6.79,-7.08,11,7,9,6,0.6,9,6,0.6,2199,2125,,1285,771,1736,0.444,206,621,0.332,451,627,0.719,342,1113,450,206,41,453,553
196,Nebraska-Omaha,31,9,22,0.29,-9.46,0.75,4,10,8,4,0.666666667,1,15,0.0625,2373,2588,,1260,877,1912,0.459,254,694,0.366,365,517,0.706,281,1044,405,177,83,409,498
197,Nebraska,32,22,10,0.688,11.34,7.34,13,5,16,1,0.941176471,4,7,0.363636364,2327,2199,,1285,797,1841,0.433,226,648,0.349,507,707,0.717,345,1161,436,194,179,357,547
198,Nevada-Las Vegas,33,20,13,0.606,7.45,2.12,8,10,13,6,0.684210526,5,6,0.454545455,2753,2577,,1345,978,2000,0.489,185,554,0.334,612,868,0.705,393,1333,535,184,146,473,580
199,Nevada,34,27,7,0.794,14.55,4.34,15,3,14,1,0.933333333,11,3,0.785714286,2825,2478,,1375,963,2056,0.468,330,830,0.398,569,762,0.747,320,1225,559,213,139,338,586
200,New Hampshire,31,10,21,0.323,-8.25,-4.18,6,10,8,7,0.533333333,2,12,0.142857143,2103,2085,,1240,725,1803,0.402,252,776,0.325,401,544,0.737,352,1189,369,111,56,362,555
201,New Mexico State,33,28,5,0.848,9.48,-1.39,12,2,14,1,0.933333333,8,3,0.727272727,2504,2104,,1325,939,2042,0.46,249,748,0.333,377,586,0.643,419,1368,467,186,101,418,591
202,New Mexico,34,19,15,0.559,6.1,3.59,12,6,13,4,0.764705882,4,8,0.333333333,2795,2641,,1365,939,2065,0.455,367,979,0.375,550,708,0.777,315,1073,539,251,96,422,696
203,New Orleans,31,15,16,0.484,-8.92,-5.42,11,7,9,3,0.75,5,12,0.294117647,2151,2177,,1245,758,1678,0.452,147,415,0.354,488,719,0.679,351,1063,450,226,109,477,586
204,Niagara,32,19,13,0.594,-4.16,-4.07,12,6,9,5,0.642857143,10,6,0.625,2683,2686,,1290,918,2050,0.448,269,737,0.365,578,793,0.729,378,1245,386,161,139,360,570
205,Nicholls State,32,21,11,0.656,-3.36,-5.69,15,3,12,3,0.8,9,7,0.5625,2641,2411,,1280,941,1994,0.472,260,729,0.357,499,696,0.717,353,1189,474,307,126,490,712
206,NJIT,30,14,16,0.467,-7.09,-5.37,7,7,10,7,0.588235294,4,9,0.307692308,2248,2197,,1210,808,1803,0.448,236,653,0.361,396,579,0.684,331,1063,417,246,97,399,556
207,Norfolk State,33,14,19,0.424,-12.7,-9.9,11,5,8,6,0.571428571,5,11,0.3125,2399,2417,,1325,858,1992,0.431,254,707,0.359,429,639,0.671,411,1270,450,206,114,507,693
208,North Carolina-Asheville,33,21,12,0.636,-4.31,-4.12,13,5,14,2,0.875,7,9,0.4375,2459,2396,,1335,877,1865,0.47,263,672,0.391,442,597,0.74,270,1112,503,241,109,451,610
209,North Carolina A&T,34,20,14,0.588,-12.26,-11.26,11,5,12,0,1,5,12,0.294117647,2571,2540,,1375,909,1959,0.464,207,690,0.3,546,766,0.713,338,1218,524,207,79,471,614
210,North Carolina Central,34,19,15,0.559,-12.62,-12.3,9,7,12,2,0.857142857,3,13,0.1875,2474,2361,,1365,928,1991,0.466,212,626,0.339,406,591,0.687,393,1293,535,174,115,480,632
211,North Carolina-Greensboro,34,27,7,0.794,4.48,-4.32,15,3,16,1,0.941176471,8,6,0.571428571,2498,2121,,1390,896,2006,0.447,328,914,0.359,378,539,0.701,404,1262,480,263,131,468,628
212,North Carolina State,32,21,11,0.656,13.49,6.74,11,7,16,3,0.842105263,4,5,0.444444444,2599,2383,,1285,937,1993,0.47,252,677,0.372,473,675,0.701,390,1142,517,240,122,390,579
213,North Carolina-Wilmington,32,11,21,0.344,-7.47,-1.11,7,11,8,5,0.615384615,2,11,0.153846154,2542,2668,,1305,920,2109,0.436,244,705,0.346,458,664,0.69,441,1310,487,164,67,414,586
214,North Carolina,35,25,10,0.714,21.29,12.44,11,7,12,3,0.8,6,5,0.545454545,2869,2559,,1405,1048,2279,0.46,290,796,0.364,483,652,0.741,492,1487,637,197,147,422,550
215,North Dakota State,32,15,17,0.469,-1.51,-1.23,5,9,8,6,0.571428571,5,10,0.333333333,2382,2264,,1285,837,1783,0.469,294,778,0.378,414,544,0.761,231,1102,422,145,76,402,556
216,North Dakota,32,12,20,0.375,-7.34,0.09,6,12,7,6,0.538461538,2,13,0.133333333,2427,2612,,1305,863,1879,0.459,233,685,0.34,468,663,0.706,225,983,409,253,58,417,605
217,North Florida,33,14,19,0.424,-11.19,-1.52,7,7,10,2,0.833333333,4,17,0.19047619,2668,2873,,1325,939,2058,0.456,357,945,0.378,433,570,0.76,313,1161,490,173,126,478,505
218,North Texas,32,15,17,0.469,-1.67,-0.9,8,10,10,6,0.625,5,10,0.333333333,2333,2287,,1300,840,1881,0.447,250,712,0.351,403,623,0.647,359,1198,394,156,87,433,619
219,Northeastern,33,23,10,0.697,3.73,-1.52,14,4,12,2,0.857142857,9,5,0.642857143,2472,2270,,1335,859,1776,0.484,302,804,0.376,452,617,0.733,258,1084,523,220,82,450,575
220,Northern Arizona,32,5,27,0.156,-14.31,-0.68,2,16,2,10,0.166666667,3,14,0.176470588,2100,2512,,1290,698,1750,0.399,178,584,0.305,526,750,0.701,313,1074,314,180,100,497,632
221,Northern Colorado,34,22,12,0.647,3.16,-2.07,11,7,11,3,0.785714286,6,8,0.428571429,2738,2478,,1375,982,2104,0.467,294,825,0.356,480,691,0.695,336,1281,407,171,122,417,649
222,Northern Illinois,32,13,19,0.406,-6.65,-1.65,6,12,11,4,0.733333333,1,13,0.071428571,2319,2407,,1285,849,1860,0.456,169,512,0.33,452,622,0.727,314,1102,295,213,58,378,593
223,Northern Iowa,32,16,16,0.5,4.04,3.9,7,11,12,4,0.75,1,9,0.1,2056,1990,,1285,720,1714,0.42,229,684,0.335,387,537,0.721,263,1109,345,166,80,364,481
224,Northern Kentucky,31,22,9,0.71,4.73,-4.76,15,3,12,2,0.857142857,8,5,0.615384615,2428,2046,,1240,876,1825,0.48,253,728,0.348,423,577,0.733,297,1133,510,228,102,385,567
225,Northwestern State,29,4,25,0.138,-20.71,-3.87,1,17,1,11,0.083333333,3,13,0.1875,1868,2264,,1160,692,1678,0.412,125,448,0.279,359,588,0.611,359,1035,279,180,122,496,573
226,Northwestern,32,15,17,0.469,9.83,8.58,6,12,11,6,0.647058824,3,9,0.25,2203,2127,,1290,773,1813,0.426,255,720,0.354,402,538,0.747,320,1059,447,156,136,374,605
227,Notre Dame,34,20,14,0.588,14.4,8.67,8,10,10,5,0.666666667,5,7,0.416666667,2551,2335,,1375,889,1992,0.446,289,789,0.366,484,640,0.756,354,1229,489,196,121,336,439
228,Oakland,33,19,14,0.576,-1.84,-3.78,10,8,11,4,0.733333333,7,8,0.466666667,2580,2516,,1330,884,1966,0.45,275,782,0.352,537,697,0.77,326,1202,553,200,165,434,540
229,Ohio State,32,24,8,0.75,18.1,8.97,15,3,16,2,0.888888889,6,2,0.75,2426,2134,,1295,894,1842,0.485,216,612,0.353,422,581,0.726,309,1174,472,193,127,378,556
230,Ohio,31,14,17,0.452,-2.46,-1.59,7,11,11,5,0.6875,2,10,0.166666667,2334,2353,,1280,839,1893,0.443,244,661,0.369,412,578,0.713,257,1126,443,207,102,412,500
231,Oklahoma State,33,19,14,0.576,13.03,9.7,8,10,13,5,0.722222222,3,7,0.3,2522,2412,,1330,885,2023,0.437,271,783,0.346,481,631,0.762,415,1221,466,218,133,440,635
232,Oklahoma,31,18,13,0.581,14.41,10.89,8,10,13,2,0.866666667,2,9,0.181818182,2640,2531,,1250,925,1993,0.464,296,815,0.363,494,660,0.748,321,1175,467,204,146,414,533
233,Old Dominion,32,25,7,0.781,8.96,-1.57,15,3,12,2,0.857142857,10,3,0.769230769,2347,2010,,1290,844,1888,0.447,228,639,0.357,431,623,0.692,373,1207,483,239,139,332,509
234,Oral Roberts,32,11,21,0.344,-6.3,1.41,5,9,8,5,0.615384615,3,14,0.176470588,2332,2484,,1310,879,2010,0.437,220,641,0.343,354,517,0.685,440,1226,453,174,112,411,565
235,Oregon State,32,16,16,0.5,7.78,5.03,7,11,12,4,0.75,1,9,0.1,2339,2251,,1300,830,1779,0.467,192,583,0.329,487,688,0.708,332,1119,475,212,116,424,642
236,Oregon,34,22,12,0.647,11.24,5.15,10,8,15,3,0.833333333,4,6,0.4,2626,2419,,1380,924,2045,0.452,306,869,0.352,472,618,0.764,355,1198,517,232,147,404,674
237,Pacific,32,14,18,0.438,-0.11,2.25,9,9,8,8,0.5,6,9,0.4,2280,2316,,1290,804,1782,0.451,151,459,0.329,521,715,0.729,332,1086,395,197,129,368,581
238,Penn State,34,21,13,0.618,15.28,7.58,9,9,14,4,0.777777778,4,7,0.363636364,2537,2275,,1370,925,2009,0.46,252,657,0.384,435,625,0.696,368,1212,464,253,176,413,599
239,Pennsylvania,32,24,8,0.75,2.25,-3.84,12,2,11,3,0.785714286,9,4,0.692307692,2446,2198,,1315,871,1893,0.46,280,802,0.349,424,637,0.666,278,1207,492,190,89,379,553
240,Pepperdine,32,6,26,0.188,-6.09,2.23,2,16,5,11,0.3125,0,14,0,2283,2516,,1290,822,1829,0.449,186,542,0.343,453,646,0.701,324,1077,449,155,69,376,575
241,Pittsburgh,32,8,24,0.25,-1.56,8.78,0,18,7,11,0.388888889,0,10,0,1985,2316,,1290,678,1673,0.405,258,795,0.325,371,534,0.695,247,1007,398,138,112,443,553
242,Portland State,33,20,13,0.606,0.19,-0.84,9,9,8,5,0.615384615,10,5,0.666666667,2833,2631,,1335,1011,2273,0.445,295,864,0.341,516,735,0.702,478,1270,538,327,115,418,729
243,Portland,32,10,22,0.313,-6.12,2.92,4,14,7,9,0.4375,3,9,0.25,2221,2372,,1290,781,1745,0.448,255,665,0.383,404,596,0.678,205,1014,387,165,127,383,576
244,Prairie View,34,16,18,0.471,-10,-7.57,12,6,10,2,0.833333333,5,15,0.25,2559,2609,,1370,890,2043,0.436,247,752,0.328,532,793,0.671,400,1182,439,257,103,460,748
245,Presbyterian,32,11,21,0.344,-14.33,-5.53,4,14,8,8,0.5,2,13,0.133333333,2124,2273,,1285,749,1760,0.426,276,772,0.358,350,510,0.686,290,1003,368,175,62,368,460
246,Princeton,29,13,16,0.448,-2.28,-1.81,5,9,7,5,0.583333333,5,9,0.357142857,2106,2083,,1200,753,1660,0.454,287,767,0.374,313,443,0.707,220,949,367,137,90,334,504
247,Providence,34,21,13,0.618,11.22,10.19,10,8,13,4,0.764705882,4,7,0.363636364,2506,2471,,1385,872,1975,0.442,217,651,0.333,545,775,0.703,359,1221,468,233,128,424,601
248,Purdue,34,28,6,0.824,24.14,8.64,15,3,16,1,0.941176471,8,2,0.8,2759,2232,,1365,958,1928,0.497,326,776,0.42,517,696,0.743,287,1191,568,198,171,363,528
249,Quinnipiac,33,12,21,0.364,-9.2,-4.14,7,11,6,6,0.5,3,12,0.2,2364,2531,,1355,787,1864,0.422,303,893,0.339,487,690,0.706,330,1142,404,182,86,446,566
250,Radford,34,22,12,0.647,-2.8,-4.86,12,6,12,2,0.857142857,7,10,0.411764706,2290,2188,,1385,802,1882,0.426,263,752,0.35,423,585,0.723,392,1175,415,214,100,413,556
251,Rhode Island,32,25,7,0.781,12.18,3.9,15,3,15,1,0.9375,7,4,0.636363636,2438,2173,,1285,899,1957,0.459,218,623,0.35,422,597,0.707,361,1100,489,240,111,343,609
252,Rice,31,7,24,0.226,-8.93,-0.35,4,14,5,10,0.333333333,2,13,0.133333333,2114,2347,,1250,711,1751,0.406,260,818,0.318,432,646,0.669,326,1140,378,166,66,460,509
253,Richmond,32,12,20,0.375,0.02,3.8,9,9,6,9,0.4,4,8,0.333333333,2297,2418,,1295,843,1831,0.46,222,664,0.334,389,544,0.715,248,973,486,244,77,373,518
254,Rider,31,22,9,0.71,1.36,-2.77,15,3,12,1,0.923076923,8,6,0.571428571,2534,2406,,1245,897,1928,0.465,237,656,0.361,503,828,0.607,406,1222,442,235,105,412,612
255,Robert Morris,33,16,17,0.485,-7.57,-5.69,9,9,4,6,0.4,9,11,0.45,2272,2334,,1325,794,1932,0.411,242,729,0.332,442,663,0.667,392,1176,382,256,90,489,662
256,Rutgers,34,15,19,0.441,5.79,7.12,3,15,13,9,0.590909091,0,9,0,2216,2204,,1375,830,2043,0.406,145,501,0.289,409,635,0.644,447,1317,333,240,136,397,583
257,Sacramento State,32,7,25,0.219,-8.59,-0.42,4,14,6,9,0.4,1,12,0.076923077,2157,2358,,1285,800,1802,0.444,202,570,0.354,355,519,0.684,266,1024,420,172,110,385,586
258,Sacred Heart,31,10,21,0.323,-10.99,-6.59,5,13,5,9,0.357142857,4,11,0.266666667,2129,2237,,1245,796,1823,0.437,179,599,0.299,358,540,0.663,373,1238,400,149,72,460,571
259,Saint Francis (PA),30,18,12,0.6,-4.99,-6.42,12,6,11,3,0.785714286,7,9,0.4375,2389,2271,,1220,840,1784,0.471,243,655,0.371,466,612,0.761,267,1016,404,203,69,347,483
260,Saint Joseph's,32,16,16,0.5,3.88,2,10,8,10,3,0.769230769,4,9,0.307692308,2371,2311,,1290,826,1952,0.423,255,756,0.337,464,675,0.687,289,1201,447,203,92,320,497
261,Saint Louis,33,17,16,0.515,2.75,3.1,9,9,12,6,0.666666667,3,7,0.3,2170,2157,,1325,731,1734,0.422,185,573,0.323,523,802,0.652,387,1188,393,198,146,420,596
262,Saint Mary's (CA),33,28,5,0.848,12.92,0.44,16,2,16,1,0.941176471,11,1,0.916666667,2540,2128,,1330,925,1799,0.514,255,631,0.404,435,561,0.775,261,1103,515,143,90,321,514
263,Saint Peter's,32,14,18,0.438,-4.94,-4.06,6,12,8,5,0.615384615,3,12,0.2,2085,2113,,1310,740,1762,0.42,253,750,0.337,352,488,0.721,292,1050,378,211,101,416,601
264,Sam Houston State,33,19,14,0.576,-5.23,-5.03,12,6,13,2,0.866666667,4,9,0.307692308,2346,2247,,1325,824,1930,0.427,236,703,0.336,462,648,0.713,400,1229,479,202,57,435,653
265,Samford,32,10,22,0.313,-10.86,-3.13,6,12,8,6,0.571428571,2,14,0.125,2483,2639,,1280,870,1845,0.472,289,773,0.374,454,594,0.764,263,974,530,230,76,435,527
266,San Diego State,32,22,10,0.688,12.49,3.84,11,7,13,2,0.866666667,5,7,0.416666667,2480,2173,,1280,882,1913,0.461,235,693,0.339,481,667,0.721,355,1206,477,202,102,382,545
267,San Diego,31,18,13,0.581,3.3,0.97,9,9,10,6,0.625,8,6,0.571428571,2155,2042,,1250,718,1613,0.445,259,726,0.357,460,646,0.712,232,1019,426,165,125,396,648
268,San Francisco,33,18,15,0.545,1.96,2.46,9,9,12,6,0.666666667,4,7,0.363636364,2266,2259,,1330,807,1901,0.425,272,810,0.336,380,555,0.685,335,1153,435,187,108,397,643
269,San Jose State,30,4,26,0.133,-8.45,3.21,1,17,3,11,0.214285714,1,14,0.066666667,1974,2260,,1210,705,1618,0.436,178,485,0.367,386,558,0.692,277,1073,385,135,69,488,569
270,Santa Clara,31,11,20,0.355,-6.58,1.04,8,10,6,11,0.352941176,5,5,0.5,2048,2224,,1245,718,1674,0.429,232,682,0.34,380,524,0.725,243,887,404,168,73,350,537
271,Savannah State,32,15,17,0.469,-14.98,-4.68,12,4,10,2,0.833333333,4,13,0.235294118,2754,2991,,1295,940,2350,0.4,391,1304,0.3,483,694,0.696,423,1222,504,301,89,448,608
272,Seattle,33,20,13,0.606,-1.82,-2.68,8,6,16,2,0.888888889,3,10,0.230769231,2499,2376,,1330,848,1903,0.446,300,813,0.369,503,677,0.743,353,1252,447,161,119,469,673
273,Seton Hall,32,21,11,0.656,15.49,9.81,10,8,14,3,0.823529412,5,6,0.454545455,2528,2346,,1290,914,1950,0.469,233,640,0.364,467,674,0.693,385,1223,506,201,112,410,567
274,Siena,32,8,24,0.25,-10.18,-2.71,4,14,7,8,0.466666667,1,15,0.0625,2166,2405,,1325,752,1790,0.42,220,600,0.367,442,652,0.678,352,1146,355,153,104,483,641
275,South Alabama,32,14,18,0.438,-5.2,-2.63,7,11,11,4,0.733333333,2,13,0.133333333,2228,2218,,1285,752,1783,0.422,252,779,0.323,472,674,0.7,300,1163,396,171,125,479,612
276,South Carolina State,32,10,22,0.313,-19.9,-8.5,6,10,8,5,0.615384615,2,16,0.111111111,2355,2660,,1290,828,1946,0.425,206,615,0.335,493,706,0.698,363,1105,353,170,77,446,612
277,South Carolina Upstate,32,7,25,0.219,-17.3,-4.19,2,12,6,7,0.461538462,0,17,0,2424,2723,,1290,881,2045,0.431,328,952,0.345,334,460,0.726,335,1062,449,195,86,370,566
278,South Carolina,33,17,16,0.515,9.8,9.58,7,11,10,5,0.666666667,4,8,0.333333333,2313,2277,,1330,756,1899,0.398,240,709,0.339,561,801,0.7,415,1228,423,180,105,455,661
279,South Dakota State,34,28,6,0.824,7.14,-0.59,13,1,15,0,1,8,5,0.615384615,2885,2518,,1375,979,2084,0.47,361,896,0.403,566,745,0.76,302,1321,459,169,78,340,547
280,South Dakota,34,26,8,0.765,7.1,-2.41,11,3,13,1,0.928571429,9,5,0.642857143,2755,2314,,1360,991,2066,0.48,237,651,0.364,536,711,0.754,343,1276,453,234,65,378,571
281,South Florida,32,10,22,0.313,-6.99,0.32,3,15,7,11,0.388888889,3,10,0.230769231,2026,2260,,1285,707,1691,0.418,207,574,0.361,405,560,0.723,309,1066,379,163,76,449,546
282,Southeast Missouri State,31,14,17,0.452,-7.94,-4.7,8,10,7,7,0.5,6,9,0.4,2355,2413,,1250,796,1729,0.46,289,738,0.392,474,650,0.729,273,1005,423,178,54,388,553
283,Southeastern Louisiana,33,22,11,0.667,-5.31,-6.58,15,3,10,3,0.769230769,10,6,0.625,2394,2268,,1320,848,1857,0.457,249,692,0.36,449,684,0.656,351,1136,490,222,96,458,559
284,Southern California,34,23,11,0.676,13.75,6.87,12,6,12,4,0.75,6,5,0.545454545,2620,2386,,1370,953,2034,0.469,276,736,0.375,438,607,0.722,344,1178,533,217,142,359,541
285,SIU Edwardsville,30,9,21,0.3,-12.23,-3.16,5,13,4,9,0.307692308,5,11,0.3125,2090,2362,,1200,734,1759,0.417,212,654,0.324,410,580,0.707,324,1024,373,144,82,409,645
286,Southern Illinois,33,20,13,0.606,1.43,0.71,11,7,13,3,0.8125,5,8,0.384615385,2308,2280,,1340,839,1817,0.462,215,604,0.356,415,596,0.696,281,1079,464,247,118,420,588
287,Southern Methodist,33,17,16,0.515,9.44,4.01,6,12,13,5,0.722222222,2,8,0.2,2293,2114,,1320,814,1835,0.444,281,741,0.379,384,560,0.686,365,1109,474,244,99,383,535
288,Southern Mississippi,34,16,18,0.471,-4.62,0.95,7,11,11,3,0.785714286,2,11,0.153846154,2401,2449,,1365,872,1958,0.445,254,749,0.339,403,573,0.703,254,1035,500,237,59,333,528
289,Southern Utah,32,13,19,0.406,-7.29,-0.52,5,13,9,5,0.642857143,2,13,0.133333333,2416,2583,,1290,824,1887,0.437,253,706,0.358,515,698,0.738,268,1084,374,166,98,408,699
290,Southern,33,15,18,0.455,-14.4,-9.43,10,8,11,3,0.785714286,4,14,0.222222222,2279,2369,,1330,781,1936,0.403,177,524,0.338,540,793,0.681,429,1285,370,187,121,435,629
291,St. Bonaventure,32,25,7,0.781,8.99,2.08,14,4,13,1,0.928571429,9,4,0.692307692,2493,2272,,1300,844,1850,0.456,248,623,0.398,557,739,0.754,331,1138,455,221,115,367,641
292,St. Francis (NY),31,13,18,0.419,-11.81,-6.88,10,8,10,3,0.769230769,3,13,0.1875,2260,2357,,1260,784,1889,0.415,271,783,0.346,421,591,0.712,322,1046,357,225,82,390,668
293,St. John's (NY),33,16,17,0.485,10.44,10.85,4,14,9,7,0.5625,2,7,0.222222222,2412,2397,,1345,867,1999,0.434,232,706,0.329,446,602,0.741,288,1109,422,282,171,393,614
294,Stanford,33,18,15,0.545,8.59,7.5,11,7,13,5,0.722222222,4,6,0.4,2504,2468,,1330,871,1877,0.464,223,595,0.375,539,784,0.688,362,1266,445,173,116,490,598
295,Stephen F. Austin,34,28,6,0.824,2.76,-7.01,14,4,16,1,0.941176471,9,5,0.642857143,2759,2316,,1360,982,2012,0.488,237,637,0.372,558,791,0.705,395,1217,490,347,103,527,740
296,Stetson,32,12,20,0.375,-12.24,-6.31,4,10,7,9,0.4375,5,11,0.3125,2412,2496,,1290,907,2053,0.442,250,726,0.344,348,518,0.672,292,1099,471,228,87,350,586
297,Stony Brook,32,13,19,0.406,-4.91,-2.11,7,9,7,7,0.5,6,11,0.352941176,2205,2249,,1290,779,1866,0.417,249,757,0.329,398,606,0.657,364,1152,427,261,94,448,647
298,Syracuse,33,20,13,0.606,12.25,9.25,8,10,14,5,0.736842105,4,6,0.4,2229,2130,,1340,751,1796,0.418,193,601,0.321,534,722,0.74,399,1233,362,239,183,414,538
299,Temple,32,17,15,0.531,7.51,7.88,8,10,8,5,0.615384615,4,9,0.307692308,2251,2263,,1290,821,1931,0.425,267,755,0.354,342,495,0.691,328,1086,408,214,103,346,556
300,Tennessee-Martin,31,10,21,0.323,-10.34,-4.79,5,13,5,9,0.357142857,5,12,0.294117647,2135,2253,,1255,808,1805,0.448,210,650,0.323,309,426,0.725,306,1086,390,214,105,449,568
301,Tennessee State,30,15,15,0.5,-5.14,-2.79,10,8,9,5,0.642857143,6,9,0.4,1997,2010,,1220,669,1574,0.425,223,664,0.336,436,590,0.739,261,989,326,213,86,442,563
302,Tennessee Tech,33,19,14,0.576,-5.63,-3.34,10,8,11,3,0.785714286,5,10,0.333333333,2413,2388,,1325,844,1924,0.439,242,697,0.347,483,710,0.68,334,1174,471,252,107,471,649
303,Tennessee,33,25,8,0.758,18.62,10.8,13,5,13,2,0.866666667,8,4,0.666666667,2449,2191,,1330,833,1897,0.439,259,675,0.384,524,693,0.756,385,1194,522,208,148,403,646
304,Texas A&M-Corpus Christi,29,11,18,0.379,-12.02,-6.29,8,10,7,6,0.538461538,4,11,0.266666667,1963,2057,,1170,691,1589,0.435,149,437,0.341,432,603,0.716,292,1005,323,197,84,461,606
305,Texas A&M,32,20,12,0.625,15.71,10.52,9,9,13,3,0.8125,4,7,0.363636364,2400,2234,,1280,887,1942,0.457,211,645,0.327,415,622,0.667,402,1323,495,180,188,434,536
306,Texas-Arlington,34,21,13,0.618,2.43,-1.21,10,8,13,2,0.866666667,4,10,0.285714286,2640,2500,,1365,927,2054,0.451,294,818,0.359,492,713,0.69,375,1333,545,229,143,507,617
307,Texas Christian,32,21,11,0.656,17.03,9.97,9,9,15,3,0.833333333,3,7,0.3,2656,2430,,1305,960,1925,0.499,271,677,0.4,465,657,0.708,357,1166,601,211,115,406,537
308,Texas-El Paso,31,11,20,0.355,-5.57,-0.47,6,12,9,8,0.529411765,2,8,0.2,2094,2197,,1240,754,1736,0.434,224,667,0.336,362,541,0.669,216,1035,328,129,89,381,576
309,Texas-Rio Grande Valley,32,15,17,0.469,-7.36,-2.43,6,8,9,7,0.5625,6,9,0.4,2416,2507,,1290,807,2004,0.403,198,645,0.307,604,818,0.738,370,1200,482,245,107,431,702
310,Texas-San Antonio,33,19,14,0.576,-1.32,-0.98,11,7,11,3,0.785714286,6,8,0.428571429,2595,2483,,1325,920,2110,0.436,335,926,0.362,420,613,0.685,364,1326,463,208,89,417,666
311,Texas Southern,34,15,19,0.441,-7.93,-5.84,12,6,8,2,0.8,5,17,0.227272727,2640,2711,,1370,878,1989,0.441,266,732,0.363,618,860,0.719,350,1229,417,190,133,428,599
312,Texas State,33,15,18,0.455,-5.55,-3.16,7,11,7,7,0.5,6,9,0.4,2190,2172,,1330,773,1782,0.434,214,648,0.33,430,651,0.661,363,1144,448,179,92,442,543
313,Texas Tech,33,24,9,0.727,19.57,9.02,11,7,17,1,0.944444444,4,6,0.4,2483,2135,,1330,863,1859,0.464,232,634,0.366,525,749,0.701,361,1182,447,245,134,412,599
314,Texas,33,19,14,0.576,14.44,10.92,8,10,13,4,0.764705882,3,7,0.3,2367,2251,,1365,851,1943,0.438,234,742,0.315,431,645,0.668,349,1175,381,205,163,390,531
315,Toledo,34,23,11,0.676,2.71,-1.68,13,5,12,4,0.75,9,6,0.6,2687,2532,,1360,913,1953,0.467,327,815,0.401,534,725,0.737,319,1253,528,127,135,395,541
316,Towson,32,18,14,0.563,-0.14,-3.14,8,10,10,4,0.714285714,4,9,0.307692308,2446,2279,,1300,889,1905,0.467,210,582,0.361,458,667,0.687,398,1219,381,209,139,405,633
317,Troy,33,16,17,0.485,-1.29,-1.9,9,9,10,4,0.714285714,4,10,0.285714286,2475,2408,,1330,848,1930,0.439,292,866,0.337,487,662,0.736,319,1194,435,165,124,408,570
318,Tulane,31,14,17,0.452,1.57,2.44,5,13,9,7,0.5625,3,8,0.272727273,2269,2296,,1250,800,1779,0.45,232,663,0.35,437,613,0.713,294,1068,483,155,126,409,557
319,Tulsa,31,19,12,0.613,5.32,2.74,12,6,13,2,0.866666667,4,7,0.363636364,2277,2197,,1255,754,1731,0.436,247,711,0.347,522,720,0.725,346,1177,391,140,68,398,495
320,UCLA,32,21,11,0.656,12.85,7.26,11,7,14,2,0.875,3,7,0.3,2621,2442,,1310,906,1964,0.461,300,783,0.383,509,705,0.722,330,1242,482,183,125,379,574
321,Utah State,34,17,17,0.5,2.57,2.91,8,10,11,4,0.733333333,2,12,0.142857143,2489,2466,,1365,865,1904,0.454,317,870,0.364,442,627,0.705,290,1132,473,170,68,441,617
322,Utah Valley,32,22,10,0.688,5.17,-1.56,10,4,15,1,0.9375,6,8,0.428571429,2497,2167,,1285,869,1806,0.481,252,658,0.383,507,688,0.737,338,1216,517,192,131,446,530
323,Utah,30,19,11,0.633,11.01,6.24,11,7,13,3,0.8125,5,6,0.454545455,2205,2062,,1205,748,1639,0.456,274,748,0.366,435,572,0.76,234,1011,463,158,106,360,503
324,Valparaiso,32,15,17,0.469,0.71,1.01,6,12,8,4,0.666666667,3,12,0.2,2252,2182,,1280,781,1741,0.449,213,624,0.341,477,674,0.708,294,1115,399,235,105,469,678
325,Vanderbilt,32,12,20,0.375,8.91,10.54,6,12,11,7,0.611111111,1,10,0.090909091,2316,2368,,1290,775,1775,0.437,289,819,0.353,477,642,0.743,311,1080,392,154,108,379,632
326,Vermont,34,27,7,0.794,5.55,-3.57,15,1,12,2,0.857142857,12,4,0.75,2523,2186,,1360,852,1747,0.488,258,638,0.404,561,745,0.753,264,1138,452,130,89,378,514
327,Villanova,34,30,4,0.882,25.69,9.51,14,4,12,1,0.923076923,9,3,0.75,2960,2410,,1375,1055,2092,0.504,388,975,0.398,462,599,0.771,319,1208,567,227,135,352,539
328,Virginia Commonwealth,33,18,15,0.545,3.76,2.64,9,9,11,7,0.611111111,5,5,0.5,2507,2470,,1335,921,2013,0.458,274,778,0.352,391,566,0.691,342,1203,510,210,93,446,561
329,VMI,30,9,21,0.3,-15.21,-4.03,4,14,6,8,0.428571429,3,12,0.2,1954,2214,,1200,688,1729,0.398,225,704,0.32,353,477,0.74,283,1028,355,221,87,442,539
330,Virginia Tech,32,21,11,0.656,14.88,6.91,10,8,14,4,0.777777778,6,5,0.545454545,2551,2296,,1295,901,1811,0.498,280,727,0.385,469,661,0.71,236,1056,528,184,73,381,502
331,Virginia,33,31,2,0.939,23.84,9.69,17,1,16,1,0.941176471,10,1,0.909090909,2229,1762,,1325,825,1788,0.461,243,623,0.39,336,443,0.758,277,1077,453,224,123,283,464
332,Wagner,32,23,9,0.719,-2.66,-7.2,14,4,16,1,0.941176471,7,8,0.466666667,2389,2176,,1285,818,1891,0.433,263,739,0.356,490,690,0.71,426,1251,431,211,128,438,710
333,Wake Forest,31,11,20,0.355,8.02,9.05,4,14,7,9,0.4375,3,8,0.272727273,2273,2305,,1240,801,1826,0.439,241,644,0.374,430,583,0.738,337,1108,432,181,109,407,604
334,Washington State,31,12,19,0.387,1.01,5.56,4,14,8,8,0.5,1,10,0.090909091,2270,2411,,1250,801,1795,0.446,341,905,0.377,327,444,0.736,258,1009,450,163,71,421,532
335,Washington,32,20,12,0.625,7.85,6.13,10,8,15,4,0.789473684,4,5,0.444444444,2377,2322,,1295,841,1848,0.455,213,624,0.341,482,685,0.704,313,1059,371,255,162,428,600
336,Weber State,31,20,11,0.645,0.23,-2.67,13,5,12,3,0.8,7,4,0.636363636,2434,2195,,1255,846,1723,0.491,280,673,0.416,462,602,0.767,182,1040,430,161,120,368,551
337,West Virginia,34,24,10,0.706,20.17,9.55,11,7,14,3,0.823529412,5,5,0.5,2707,2346,,1365,944,2176,0.434,299,847,0.353,520,679,0.766,476,1289,512,273,179,385,725
338,Western Carolina,32,13,19,0.406,-11.68,-1.41,8,10,8,5,0.615384615,3,12,0.2,2190,2419,,1280,774,1885,0.411,234,703,0.333,408,597,0.683,371,1101,427,254,92,476,561
339,Western Illinois,28,12,16,0.429,-10.75,-1.96,3,11,11,5,0.6875,1,10,0.090909091,2012,2009,,1135,749,1607,0.466,188,527,0.357,326,456,0.715,196,990,308,136,109,350,432
340,Western Kentucky,34,24,10,0.706,10.03,2.42,14,4,13,3,0.8125,7,5,0.583333333,2665,2384,,1365,959,1944,0.493,185,521,0.355,562,792,0.71,330,1213,459,248,124,402,494
341,Western Michigan,32,17,15,0.531,-2.08,-1.84,9,9,10,6,0.625,6,7,0.461538462,2402,2349,,1285,845,1926,0.439,233,678,0.344,479,659,0.727,356,1130,405,209,100,342,559
342,Wichita State,32,25,7,0.781,17.53,5.87,14,4,13,3,0.8125,9,2,0.818181818,2656,2283,,1290,930,1944,0.478,292,758,0.385,504,683,0.738,389,1291,593,150,126,370,562
343,William & Mary,31,19,12,0.613,-1.3,-1.27,11,7,11,3,0.785714286,7,8,0.466666667,2636,2531,,1255,910,1782,0.511,337,777,0.434,479,591,0.81,209,1017,548,174,125,382,530
344,Winthrop,31,19,12,0.613,-1.61,-5.82,12,6,11,3,0.785714286,7,9,0.4375,2464,2219,,1240,859,1801,0.477,296,790,0.375,450,623,0.722,281,1124,455,211,144,429,539
345,Wisconsin,33,15,18,0.455,10.71,9.83,7,11,11,7,0.611111111,3,8,0.272727273,2206,2177,,1325,793,1770,0.448,216,644,0.335,404,578,0.699,299,1010,411,180,117,353,543
346,Wofford,33,21,12,0.636,-0.56,-2.23,11,7,12,4,0.75,7,7,0.5,2484,2307,,1320,867,1843,0.47,342,834,0.41,408,522,0.782,263,1067,497,216,86,404,568
347,Wright State,34,25,9,0.735,0.74,-4.42,14,4,14,2,0.875,8,7,0.533333333,2453,2234,,1370,854,1959,0.436,233,682,0.342,512,714,0.717,346,1235,451,226,75,446,541
348,Wyoming,33,20,13,0.606,4.54,3.82,10,8,13,4,0.764705882,5,7,0.416666667,2633,2597,,1365,873,1959,0.446,304,881,0.345,583,790,0.738,231,1148,518,215,130,449,654
349,Xavier,33,28,5,0.848,19.63,9.84,15,3,17,1,0.944444444,9,2,0.818181818,2781,2458,,1335,953,1942,0.491,258,699,0.369,617,781,0.79,322,1267,549,193,97,410,558
350,Yale,31,16,15,0.516,-3.99,-2.62,9,5,9,3,0.75,7,11,0.388888889,2312,2288,,1250,831,1796,0.463,252,762,0.331,398,551,0.722,275,1052,507,204,95,407,541
351,Youngstown State,32,8,24,0.25,-13.7,-2.6,6,12,6,6,0.5,2,13,0.133333333,2410,2647,,1290,902,2110,0.427,235,712,0.33,371,583,0.636,457,1159,445,266,126,460,672
